Datetime,Text
2021-09-19 21:16:55+00:00,"6) Microsoft #MSFT will be increasing its prices 25% in March 2022.

https://t.co/xLBOfCrDPr."
2021-09-19 21:00:02+00:00,Want to learn how to create a task in #Planner from an #email? Check out this #tutorial on #youtube  https://t.co/2wowszHrd2 #Microsoft #MSFT #MicrosoftEDU #Remotework #MSTeams #Microsoft365 #Office365 #tasksbyplanner #microsofttodo
2021-09-19 16:02:15+00:00,"Remember $xrp was created by X $btc developers back in the early days.

Our long-term followers know we point them in the right direction.

#AMD
#Tesla
#GME way before #WSB
#NET
#MSFT
$DOGE

Just to name a few!!

$XRP Is the biggest of them all!! #Warning
NFA.
#cryptocurrency"
2021-09-19 09:20:32+00:00,$MSFT TABLE for CLOSE PRICE Prediction for the next 7 Days starting 2021-09-17 #msft https://t.co/zTp7dQiFhC
2021-09-19 09:20:30+00:00,$MSFT SIGNAL for CLOSE PRICE Prediction for the next 7 Days starting 2021-09-17 #msft https://t.co/aEi67vDaDl
2021-09-19 09:20:26+00:00,"$MSFT 2021-09-17 , CLOSE PRICE = 299.869995 #msft"
2021-09-19 07:24:57+00:00,"Being dorky explains some of ‚Å¶@LinkedIn‚Å© success #MSFT
 https://t.co/LvT3O22TQk"
2021-09-19 02:02:40+00:00,"#MSFT looking for 290 if this breaks to downside 
https://t.co/wg15u2Q1Am"
2021-09-19 01:02:21+00:00,"Covered Calls Cash Flow Strategy: 
 Ticker: $MSFT 
 Date: 2021-09-24 
 Strike: 300.0 
 Premium Generated: 1.15% 
 #options #coveredcalls #stocks #MSFT"
2021-09-18 21:00:01+00:00,Want to learn how to share files outside of a team in #MicrosoftTeams Check out this #tutorial https://t.co/MOKSnvNbH5 #Microsoft #MSFT #MicrosoftEDU #Remotework #MSTeams #Microsoft365 #Office365 #SharePoint #SharePointOnline
2021-09-18 18:30:00+00:00,"$MSFT That 20/50 MA cloud is catching as #MSFT trades horizontal.
https://t.co/4qF1b08XO0"
2021-09-18 18:23:20+00:00,"MSFT: 1 day 
#msft $msft #growth #longterm #dividendbuyback #perspective #dividends #technology üïä https://t.co/QGnctfYK0K"
2021-09-18 17:02:19+00:00,"Market traders use the weekend and dive into some actual professional market education, #TRICKTRADES #Youtube channel,  #SPY #QQQ #AAPL #BABA #NVDA #FB #TSLA #AMD #TWTR #MU #AMZN #NFLX #MSFT #GOOGL #Stock #Market https://t.co/vgGHRshwmT https://t.co/qRN2KFb22J"
2021-09-18 16:13:50+00:00,"In the same week evergrande China group get in trouble of their 300B debt, Microsoft announced 60B of their share buyback and raise in dividends, the money of the old world will move to the new world companies.
#EvergrandeGroup #Msft $Msft #invest"
2021-09-18 04:55:47+00:00,$MSFT #MSFT Well it didn't....Still bear then
2021-09-18 03:04:14+00:00,"For the record, I'm changing my guess. 

#MSFT is going to acquire #CDProjektRed. 

That's my guess &amp; I'm sticking to it."
2021-09-18 03:00:02+00:00,Want to learn how to restore a deleted file in #MicrosoftTeams ? Check out this tutorial!   https://t.co/kxpEqV8xwm #Microsoft #Microsoft365 #Office365 #MSFT #MSTeams #Remotework #MicrosoftEDU #YouTube #Howto #Tutorials #SharePoint #SharePointOnline
2021-09-17 22:21:07+00:00,"Partners AT&amp;T, Equinix, Microsoft, and more are part of the new Connected Climate Initiative, which aims to help customers collectively reduce 1 billion metric tons of greenhouse gas emissions by 2035. https://t.co/hsEK1gk8tN #MSFT‚Ä¶https://t.co/FtzjDaUeOp https://t.co/3dPyv08yQY"
2021-09-17 21:40:20+00:00,"Drink #coffee at night,  you write stuff! 5 Ways to Open Windows Security in Windows 11 - https://t.co/fxnmzgtctq

#windows11 #windowssecurity #msft #microsoft #computersecurity #Tech #Security #infosec #CyberSecurity #Privacy https://t.co/GICkgGO4HX"
2021-09-17 19:56:52+00:00,@vola2vola @Caddy_Noonan @42macro Just added some #msft #appl #fb and #ethe
2021-09-17 19:53:36+00:00,Honoring role models and raising our ‚Äòvoz‚Äô this #HispanicHeritageMonth #MicrosoftLife #MSFT  https://t.co/bhicRi9jjx
2021-09-17 19:40:06+00:00,How to sync your email with contract lifecycle management - https://t.co/r1cR1Y5fVm #CLM #MSFT #microsoftoutlook #contracts #contractmanagement
2021-09-17 19:31:23+00:00,Microsoft Just Released Its Slick New Photos App to Windows 11 Insiders https://t.co/REyuMHBfqp #MSFT #Microsoft #Windows11 #PhotosApp
2021-09-17 18:57:00+00:00,"#MSFT is embracing empathy, courage and vulnerability to create trust and build connections.  Hope to see more #MSPartners embrace the @brenebrown Dare to Lead methodology.  
https://t.co/e6vN7Nojid"
2021-09-17 16:02:27+00:00,Check out my #MSFT analysis on @TradingView: https://t.co/qiDYR0XRvH New High today by 1 Penny! Don't place stops right over the high or low. Give them tolerence so you're not victimized by like this StopHunt!
2021-09-17 15:34:14+00:00,"You missed #AAPL (Apple)
You missed #GOOGL (Google)
You missed #MSFT (MicroSoft)

If you're sleeping on The Graphüë®üèª‚ÄçüöÄ $GRT you gonna miss The next Google  (Google of Blockchains) for sure.

Can't believe a most important piece of Web3 still sitting at 4B mcap.

Few..Damn earlyü§ó"
2021-09-17 15:01:38+00:00,Microsoft‚Äôs new photos app for Windows 11 is a welcome redesign https://t.co/wVnCqjcQ1R #MSFT #Microsoft #Windows11
2021-09-17 03:02:48+00:00,@madebygps @MSFTReactor Hey @madebygps ! I would love to be a part of this. I am a #MSFT Student Ambassador and I love to spread knowledge about #MSFT technologies. I'm also a really good oratorüí´
2021-09-17 02:46:04+00:00,"Microsoft Student Summit. October 18-20, 2021!
 
LEARN, EXPLORE and ACCELERATE by skilling up and raising their profile from Microsoft.

Students also  have the opportunity to join the community of students and learn from each other!

https://t.co/BgZxSGCpOe

@MicrosoftEDU #MSFT"
2021-09-17 01:10:01+00:00,#MSFT - MSFT LONG - TradingView - https://t.co/jZ9ARWrmGA
2021-09-17 01:05:28+00:00,"$MSFT #MSFT 304$ PT hit today what an awesome move.

Fresh all-time highs to close the week? https://t.co/7ISclvoogC"
2021-09-17 00:56:08+00:00,"Microsoft getting ready for the next move higher

Fresh idea by @glenn_leese

Read it here:

https://t.co/fIukcJoLgq

$MSFT #MSFT #microsoft #stocks #tradingview #NASDAQ"
2021-09-16 22:36:58+00:00,"Learning to use #Airtable ‚Ä¶.how is this not #msft Access? üòÖ I know I know, way more powerful with automations etc. #codeornocode #forwardorbackward"
2021-09-16 21:00:02+00:00,Want to learn how to email a channel in #MicrosoftTeams ? Check out this tutorial!   https://t.co/B9hZRnxhqg #Microsoft #Microsoft365 #Office365 #MSFT #MSTeams #Remotework #MicrosoftEDU #YouTube #Howto #Tutorials #SharePoint #SharePointOnline #email
2021-09-16 20:59:47+00:00,Microsoft Kicks Off Its Vision for a Password-Free Future https://t.co/BdWzKPxzal #MSFT #Microsoft #IT #CyberSecurity
2021-09-16 20:14:46+00:00,Microsoft accounts can now go fully passwordless - The Verge #msft #security  https://t.co/oZybcfURk1
2021-09-16 19:40:51+00:00,"üé£üé£
MSFT Put
$MSFT
#MSFT

üêüüê† https://t.co/W46KuH6c2h"
2021-09-16 19:02:13+00:00,"$MSFT was forecasted to dive to (A) on 09-09
then recover to &gt; 300 USD and to touch the dotted trend line (B) by 09-15, then dip to (C) on Sep 17th and end at (D) after Sep 20th

#MSFT is now above the support line @ 303 USD and it must fall back below which is hard

@8_yuce https://t.co/cW7sDLQoco"
2021-09-16 18:57:00+00:00,"#MSFT is embracing empathy, courage and vulnerability to create trust and build connections.  Hope to see more #MSPartners embrace the @brenebrown Dare to Lead methodology.  
https://t.co/e6vN7Nojid"
2021-09-16 18:26:48+00:00,Microsoft Office 2021 will launch on October 5th https://t.co/pQVd0LKcto #MSFT #Microsoft #Office2021 #MicrosoftOffice #O365
2021-09-16 16:12:35+00:00,MSFT: Trend analysis and next Key Points to watch! - #MSFT chart https://t.co/XMmbne7LP3
2021-09-16 15:22:11+00:00,"#MSFT chart intra-day
We exited our position in $MSFT yesterday at 305. It is under pressure from the options expiration event tomorrow, as it is on the sell-side. It needs to hold above 300 by tomorrow‚Äôs close. https://t.co/fhDE5PFf40"
2021-09-16 15:00:03+00:00,Want to learn how to pop out apps in #MicrosoftTeams Check out this #tutorial on #youtube  https://t.co/YiQa2HizHb #Microsoft #MSFT #MicrosoftEDU #Remotework #MSTeams #Microsoft365 #Office365 #Teams #PowerAddict
2021-09-16 14:28:19+00:00,Looking for a continued pullback so we can set up our trades for earnings season on #aapl #googl #msft #coin #fb #amzn #tsla
2021-09-16 13:59:35+00:00,Windows 11: Microsoft tests a revamped Tips app for the new operating system https://t.co/V0FOMdCW6V #MSFT #Microsoft #Teams #MicrosoftTeams
2021-09-16 13:31:07+00:00,"üìàüîîOpening Bell
$MSFT #MSFT
$304.82   +1.68%

Join The Hype List! 
https://t.co/n6aDiWOGN4"
2021-09-16 13:01:29+00:00,"$MSFT not too long before price action hits ATHs. May break $305 resistance today and turn into a nice runner.

#stockstowatch #stockmarket #stocks #MSFT https://t.co/j4Swu7MRo0"
2021-09-16 12:49:09+00:00,"Microsoft Analysis, The bulls are still going - #MSFT chart https://t.co/dkEDHoFQ93"
2021-09-16 12:11:52+00:00,"Passwordless: Dream becomes the reality for each digital users using Microsoft account

Microsoft Security helpful to provide us password free world with its Trust by design approach.

https://t.co/vhMBEYQMKr

#MSFT #DigitalTransformation #cybersecurity @TBS_Computing @TBS_Delhi"
2021-09-16 11:19:51+00:00,#MSFT could see some down side https://t.co/VYF1wq3vt8
2021-09-16 10:56:24+00:00,MSFT Microsoft Price Target - #MSFT chart https://t.co/f9tAq79n9S
2021-09-16 10:48:57+00:00,"$AVGO #AVGO another potential breakout play candidate like $MSFT #MSFT, over and above 508 leads to us to new high territories. $AMD #AMD $NVDA #NVDA $QCOM #QCOM https://t.co/qA0tX0Dgos"
2021-09-16 10:43:12+00:00,$MSFT #MSFT breakout candidate for over 306 to lead us to new highs territory and resistances $AAPL #AAPL $AMZN #AMZN $FB #FB https://t.co/6Yxq8f3YA2
2021-09-16 08:45:21+00:00,"Technical analysis of #Microsoft  ( #MSFT ) #stocks  dated September 16 2021. 16 technical indicators on the daily timeframe show a signal: STRONG BUY. Details on the official website: https://t.co/2W6kvtolcK

#MicrosoftEvent #NASDAQ100 #NYSE #sharemarket #StocksToBuy #investing https://t.co/tOt6gTlPsn"
2021-09-16 05:25:10+00:00,"stock price is not proportional to actual technical accolades or innovations, by a given company. Even then, #MSFT stock  has been onüî•"
2021-09-16 04:26:12+00:00,MSFT breakout watch. $MSFT - #MSFT TradingView https://t.co/Wf7U2tdCFh
2021-09-16 04:10:34+00:00,"9/16 Watchlist
$MA Puts below $343
$FB Puts below $373
$AAPL Calls above $149.44
$TWTR Calls above $62
$MCD Calls above $242

Interesting:
$HD, $BA, #MSFT

Swing potentials
$DIS, $SPOT, $TGT, $TWLO, $ETSY"
2021-09-16 03:58:17+00:00,$MSFT working it's way into the top 20 most mentioned on wallstreetbets over the last 24 hours
2021-09-16 03:15:44+00:00,"#MSFT-#Puts- Below premarket low- Buying momentum dying, at resistance, 
#AAPL-#Calls- Above 149.44, todays high- Daily hammer
#CRM-#Calls- Above 256.75- Bullish Trend
#TWTR- #Puts- Under premarket- Following 4hour trend over bearish momentum with pullback, lower highs"
2021-09-16 02:09:14+00:00,"Peace and Blessings!

#Volvo targeting $20 B valuation for IPO

#Rivian targeting $80 B valuation for IPO 

#MSFT raised its quarterly dividend rate by 11%, to 62 cents from 56 cents and also plans to buyback $60 B in stocks 

#StocksInNews #stockstowatch #StockMarket #stocks"
2021-09-16 02:08:07+00:00,That $MSFT share buyback for 60billion has me turned on. Get it while you can. #msft #gme #amc
2021-09-16 00:09:36+00:00,$MSFT #MSFT back to bulls IF it makes a new high at next candle... https://t.co/BInvNll2ho
2021-09-15 21:02:38+00:00,Microsoft Teams: This new 'standout' feature is coming to a meeting near you soon https://t.co/Rd2aJr8FJ0 #MSFT #Microsoft #Teams #MicrosoftTeams
2021-09-15 20:49:30+00:00,Also consider thet #MSFT is buying back his shares. Apple Amazon etc can do the same after last year hyperbullrun. With that they can create a squeeze on their own stock lol
2021-09-15 20:09:07+00:00,"üìàüîîClosing Bell
$MSFT #MSFT
$304.97   +1.73%

Join The Hype List! 
https://t.co/n6aDiWOGN4"
2021-09-15 20:08:08+00:00,Problem is that the total number of outstanding shares is non constant and irrespective of what will be future earnings as a function of time. For reason of said total market value will always be a singular multiple of market value and the total number of outstanding shares #MSFT
2021-09-15 20:02:42+00:00,"#Microsoft (NASDAQ:MSFT) boosts dividend by 11%, sets $60B buyback

The news breaks one day after the WH announces it wants to curb buybacks with a new tax...WH would prefer is companies invest in workers

#MSFT up 1.70% over Wednesday

#StockNews #NEWSUPDATE #StockTrading https://t.co/mslklWlgK6"
2021-09-15 19:20:01+00:00,#msft $msft just broke to meet ATH!!! Over $305!!!!
2021-09-15 18:57:00+00:00,"#MSFT is embracing empathy, courage and vulnerability to create trust and build connections.  Hope to see more #MSPartners embrace the @brenebrown Dare to Lead methodology.  
https://t.co/e6vN7Nojid"
2021-09-15 18:40:05+00:00,Microsoft Teams: This new feature will make your meetings more interactive https://t.co/NgFvm8uIvI #MSFT #Microsft #Teams #MicrosoftTeams
2021-09-15 17:07:24+00:00,"Looking forward to a password-free future. Faster. More secure.

#MSFT"
2021-09-15 17:05:46+00:00,"$SPY 479 will be a good confirmation 
Else still a Bull trap üî•
$stocks #stockmarket #cnbc #elon #btc #msft #irnt https://t.co/oAyiC2Ig2c"
2021-09-15 17:05:11+00:00,"üö®üìØüòªü™Ñ September 15, 2021 #MSFT push out  Windows (11) NEXT Version DEV, #InsiderPreviewBuild 22458.1000 (rs_prerelease) - is NOW available in the üöß#DevChannel  üöß#ActiveDevelopmentBranchüëâ https://t.co/8wYSZbl1eG https://t.co/3YnNQLKPQm"
2021-09-15 16:59:24+00:00,"@Microsoft @Windows @MSFTnews Never the less that your stock $MSFT #MSFT sucks a$$, new #Windows #update destroyed my Laptop and had to reset windows. WHAT IS WRONG WITH YOU GUYS ? (YES I'M YELLING)

#windows10 #update #kb5005565 #sucks #DontUPDATE"
2021-09-15 16:51:35+00:00,Microsoft Teams meetings now offer Live captions and transcriptions in 27 new languages https://t.co/JH8eOz1P5h #MSFT #Microsoft #Teams #MicrosoftTeams
2021-09-15 16:44:03+00:00,"@TriggerTrades S&amp;P 500 Algo Technical Analysis üìà

There it goes üí∏
Are you in with us, fellas?
https://t.co/tDvfdQFQ4l

#NDX #SPX #MSFT #APPL #AMZN #GOOG #GOOGL #FB #AMD #NVDA #SMH #XLK #JPM #M #PG #UNH #INTC #VZ #MA #PFE #MRK #BAC #DIS #NFLX #TSLA https://t.co/PD83WQSocE"
2021-09-15 15:36:03+00:00,$MSFT Why some companies prefer dividends and some prefer buybacks - two-minute explainer https://t.co/59fBRbVMUq #MSFT
2021-09-15 15:20:02+00:00,$MSFT Microsoft unveils giant share buyback on top of annual dividend hike https://t.co/oRSlpFdaZ9 #MSFT
2021-09-15 15:16:01+00:00,"#spy doesnt know what to do with decent breadth, but FANGman getting sold.  minus #MSFT. Smells a little bit like the index rebal with laggers up today into quad friday. Apart from open, what a horrible day to trade."
2021-09-15 15:01:58+00:00,Thank you for the increase.  @satyanadella #msft
2021-09-15 15:00:10+00:00,"Microsoft to buy back up to $60 billion in shares #Microsoft #share #dividends #MSFT $MSFT #stockmarket

https://t.co/5LHBVHfxwi https://t.co/Wa9d4PPpzo"
2021-09-15 14:46:22+00:00,"$MSFT Long at 302.50

#MSFT https://t.co/W0oszIeByl https://t.co/xVhmEYTg0a"
2021-09-15 14:44:13+00:00,"So this is now my most read blog on @LinkedIn with a lot of positive feedback &amp; messages coming my way from @Microsoft Partners!! Learn more about NCE here: https://t.co/EtOysvKOcZ 
@msPartner 
#IngramMicroCloud #NewCommerceExperience #NCE #Microsoft #MSPartner #MSFT #D365 #M365"
2021-09-15 14:43:30+00:00,Mr. Softie to DA Moon!! üî•üî•üî•üëëüëë#MSFT flagged it as strongest in mega-cap tech. It‚Äôs by far my largest position
2021-09-15 14:25:17+00:00,Microsoft accounts can now go fully passwordless https://t.co/e7UiHudoiq #MSFT #Microsoft #Office365 #IT
2021-09-15 14:04:46+00:00,"Bulls and bears continue to slug it out. Microsoft announces dividend and $60 billion share buyback.

*78% of CFD clients lose money
#SP500 #MSFT #Microsoft https://t.co/HOofSUj35K Translated using #MicrosoftFlow"
2021-09-15 14:04:12+00:00,"Bulls and bears continue to slug it out. Microsoft announces dividend and $60 billion share buyback.

*78% of CFD clients lose money
#SP500 #MSFT #Microsoft https://t.co/vtVs5vSivM"
2021-09-15 13:42:59+00:00,Success from jg in @SMDTrading Discord $BABA #BABA $FB #FB $MSFT #MSFT https://t.co/fnyF47NRW2
2021-09-15 13:31:15+00:00,"üìàüîîOpening Bell
$MSFT #MSFT
$299.79   +0.94%

Join The Hype List! 
https://t.co/n6aDiWOGN4"
2021-09-15 13:16:53+00:00,"We are celebrating #RIL #TCS mcap crossing $200 Billions. While #Msft is doing buyback of $60 billions, with mcap of over $2 trillion. Longway to go."
2021-09-15 13:15:16+00:00,"Microsoft is a great company which keeps growing. Their increase of dividends and buyback causing stock go higher today. #Msft #stocks  pivot 304.27 today for upside resistance 306, downside 302.37, 300 #StocksToBuy #trade"
2021-09-15 12:40:50+00:00,"#Microsoft rises after hiking dividend &amp; announcing stock buyback.

üíªThe tech giant will buyback up to $60 billion of shares as it expands its programme of returning capital to share holders

#MSFT üîº 1.4% pre-market

#MarketUpdate 

RW:79.32% of retail clients lose money"
2021-09-15 09:35:24+00:00,"Aloha Traders ‚òïü§ô

Updated #Elliottwave counts on our Discord platform: 
#BTC #ETH #ETHBTC #SPX #SPX500 #NDX #NAS100 #WTI #oil #Gold #XAU #DXY #MSFT #AAPL 

AAPL completed an impulse down. 
NDX in an EW configuration.
Tech telling us something?

https://t.co/tDvfdQFQ4l https://t.co/cp2uqXdRIn"
2021-09-15 09:20:00+00:00,"Microsoft to buy back up to $60 billion in shares #Microsoft #share #dividends #MSFT $MSFT #stockmarket

https://t.co/5LHBVHfxwi https://t.co/g2wUZ0edpj"
2021-09-15 08:18:08+00:00,"QQQ continues to struggle, red candles in a row is a big red flag. TLT indicates that requests for bonds are increasing.
#spy #spx #qqq #ndx #nasdaq #investingwithmk #trading #fb #fcel #msft #silk #trox #zi #cei #crox #irnt #isee #sdc #clr #star #agc #beem https://t.co/QCztC00vsP"
2021-09-15 06:13:49+00:00,It‚Äôs great when you wake up to a 10% payrise. #dividends #microsoft #MSFT #passiveincome #retirementplanning #FinancialFreedom https://t.co/6AweOB3JeG
2021-09-15 05:40:59+00:00,"RR: Microsoft Will Require All Employees and Office Visitors to Be Vaccinated https://t.co/tv4YQoKotg 
#Covid-19 #Health #Microsoft #MSFT #Pandemic #ReturntoOffice #Safety #WFH https://t.co/EZjZfJtXCC"
2021-09-15 04:45:50+00:00,@Investingcom $MSFT #MSFT recently broke the previous outside return structure. Can we expect a short-term trend reversal? Price may very well go back down to the $289 level in this case. https://t.co/4r5ex63sr5
2021-09-15 01:05:02+00:00,"How to Set Up Alexa Email Alerts
https://t.co/HzpSEasCU4

#amazon #alexa #gmail #hotmail #outlook #microsoft #msft #windows10 #windows11 #skills https://t.co/WdmJY7DLSB"
2021-09-15 00:27:43+00:00,"Should Microsoft have simply increased its stock buyback instead of increasing its dividend?

#MSFT #AMZN #GOOGL https://t.co/b2h7PpHE6i"
2021-09-14 23:25:29+00:00,"#msft 

#MSFT on watch this week

https://t.co/SDOvWvF2Ae

whats your theory it holds 299.6 to test 301/303

or it breaks to 297.20/295.08?

#microsoft 
#optionstrading"
2021-09-14 21:00:02+00:00,Want to learn how to restore a deleted file in #MicrosoftTeams ? Check out this tutorial!   https://t.co/kxpEqV8xwm #Microsoft #Microsoft365 #Office365 #MSFT #MSTeams #Remotework #MicrosoftEDU #YouTube #Howto #Tutorials #SharePoint #SharePointOnline
2021-09-14 19:47:55+00:00,Are You Getting the Most Out of Microsoft Teams? https://t.co/dmRcUwbWwv #MSFT #Microsoft #Teams #MicrosoftTeams
2021-09-14 18:57:01+00:00,"#MSFT is embracing empathy, courage and vulnerability to create trust and build connections.  Hope to see more #MSPartners embrace the @brenebrown Dare to Lead methodology.  
https://t.co/e6vN7Nojid"
2021-09-14 17:36:57+00:00,"üé£üé£
MSFT Call
$MSFT
#MSFT

üêüüê† https://t.co/Oh49xCUq6b"
2021-09-14 17:08:51+00:00,"üö®September 14, 2021, #MSFT #PatchTuesday ""B"" üèÅ
‚öôÔ∏èGet #CumulativeUpdate's for Windows 10 Version's 1507, 1607, 1809, 1909, 2004*(#20H1)/#20H2*/#21H1* and Windows Server #LTSC (1809)/#SAC (20H1/20H2) on #MicrosoftUpdateCatalogüëâ https://t.co/YvQsgO1nQb
*served by the same updates https://t.co/kyakJm2NW4"
2021-09-14 16:40:13+00:00,Microsoft September 2021 Patch Tuesday (MSHTML Vulnerability Patch Included) #MSFT #MSHTML #Patches https://t.co/RvKUC7vTrY https://t.co/lU1k2XLKCB
2021-09-14 16:30:11+00:00,MSFT - #MSFT chart https://t.co/54NA07UPc3
2021-09-14 16:10:42+00:00,"New Microsoft Teams, Outlook features are designed for hybrid remote work https://t.co/rbw2sgJub6 #MSFT #Microsoft #Teams #MicrosoftTeams #HybridWork #Outlook"
2021-09-14 16:09:41+00:00,#MSFT $MSFT recently broke the previous outside return structure. Can we expect a short-term trend reversal? Price may very well go back down to the $289 level in this case. https://t.co/D4nvMltwgK
2021-09-14 15:47:07+00:00,Love to see #MSFT prioritizing a more inclusive work environment through essential non tech skills and bringing these tools and trainings to all learners via @MSFTLearn! https://t.co/6dTvrjtFT1
2021-09-14 15:36:20+00:00,"@BigGamerGuy_ @ArkaneStudios #MSFT owns the Studio.
#Bethesda is the publisher.
#Arkane is the Studio. 

Stop letting the rabid fanboys get to you, unless you're a fanboy yourself. 

The sane knows who deserves the credit for #DEATHLOOP . -Even @XboxP3 gave credit where credit is due."
2021-09-14 14:49:20+00:00,What is #MSFT up to? https://t.co/eit2ACFKO5
2021-09-14 14:32:54+00:00,Microsoft Teams: This new feature will make your meetings more interactive https://t.co/40tRBExPTi #MSFT #Microsoft #Teams #MicrosoftTeams
2021-09-14 14:22:21+00:00,"Wave 4 Trade Update in #TLT üìà

We had a triangle W4 in TLT.
Riding W5 now üèÑ

Ride waves with us üëá
https://t.co/SZzMPcj3wS

#NDX #SPX #MSFT #APPL #AMZN #GOOG #GOOGL #FB #AMD #NVDA #SMH #XLK #JPM #M #PG #UNH #INTC #MA https://t.co/VHoCCfA5Lc"
2021-09-14 11:48:45+00:00,"Covered Calls Cash Flow Strategy: 
 Ticker: $MSFT 
 Date: 2021-09-17 
 Strike: 300.0 
 Premium Generated: 1.18% 
 #options #coveredcalls #stocks #MSFT"
2021-09-14 11:03:41+00:00,"Have you seen a lot of content on @Microsoft New Commerce Experience &amp; realised they're giving a lot of info without actually telling you anything? Well I have the blog for you!! https://t.co/oSTZlrKN3n
@msPartner @IngramCloud 
#IngramMicroCloud #NCE #MicrosoftUpdates #MSFT"
2021-09-14 08:44:30+00:00,MSFT's reversal? Can we trust it? - #MSFT chart https://t.co/XFbSoNchTT
2021-09-14 04:25:53+00:00,"$MSFT 2d chart bounced on breakout level.$302,305 next stops.
21EMA $292 is the nearest support incase if we head back down.
 - #MSFT TradingView https://t.co/u10HCSyugW"
2021-09-14 03:28:04+00:00,"#TradeIdea 

$MSFT #MSFT 

Channel / Inverse H&amp;S pattern setting up. 
I would prefer a consolidation to happen before the break.
Probability wise, it would be a safer way to break important areas that way. https://t.co/YWIKcxoCYN"
2021-09-13 22:44:24+00:00,"$AMD boutta get slapped for saying this but still bullish i think. got leaps on this so ill just let it play out

#AAPL #TSLA #ROKU #AMZN #SNAP #SQ #CLOV #AMC #FB #NIO #ES #SPY #SPX #NVDA #MSFT https://t.co/TNbVvZwgyt https://t.co/KRQOaVUg0u"
2021-09-13 22:41:32+00:00,"$NIO long $38

#AAPL #TSLA #ROKU #AMZN #SNAP #SQ #CLOV #AMC #FB #NIO #ES #SPY #SPX #NVDA #MSFT https://t.co/0J7PAAyipl"
2021-09-13 22:39:01+00:00,"$ES long 4445

#AAPL #TSLA #ROKU #AMZN #SNAP #SQ #CLOV #AMC #FB #NIO #ES #SPY #SPX #NVDA #MSFT https://t.co/8dK5S6XZ2B"
2021-09-13 22:35:39+00:00,"$MSFT looks interesting now. long $295 at range low

#AAPL #TSLA #ROKU #AMZN #SNAP #SQ #CLOV #AMC #FB #NIO #ES #SPY #SPX #NVDA #MSFT https://t.co/6Pi7jrVa8O"
2021-09-13 22:34:32+00:00,"$NVDA range low(not very clean). long $220

#AAPL #TSLA #ROKU #AMZN #SNAP #SQ #CLOV #AMC #FB #NIO #ES #SPY #SPX #NVDA #MSFT https://t.co/HDI19NqLll"
2021-09-13 22:31:59+00:00,"$FB range low. long here

#AAPL #TSLA #ROKU #AMZN #SNAP #SQ #CLOV #AMC #FB #NIO #ES #SPY #SPX #NVDA #MSFT https://t.co/hZalctm4O8"
2021-09-13 21:21:13+00:00,"@bayelrey80 @Dee_Batch Same way anyone without a XBOX or PC will feel when Starfield &amp; any other future titles from arkane whwn they release. 

&amp; if you plan to play future XB exclusives on PC, then thanks in advance for supporting #MSFT. 

More sales/suscriptions mean more games for XB owners."
2021-09-13 20:20:33+00:00,Microsoft Teams will soon let you temporarily unmute your microphone https://t.co/Fl2aKswsfj #MSFT #Microsoft #Teams #MicrosoftTeams
2021-09-13 19:35:36+00:00,MSFT option volume - #MSFT chart https://t.co/GPJtHAKsJ9
2021-09-13 19:30:02+00:00,"Microsoft Brings In New Features, Will Ensure Muted Microphone #Microsoft #teams #MicrosoftTeams #MSFT $MSFT

https://t.co/iBwlJpnhWL https://t.co/6CWB1nN2QW"
2021-09-13 15:33:56+00:00,What to expect from Microsoft‚Äôs Surface event https://t.co/69LLbxHO5M #MSFT #Microsoft #Surface #MicrosoftSurface
2021-09-13 14:34:00+00:00,"Microsoft Brings In New Features, Will Ensure Muted Microphone #Microsoft #teams #MicrosoftTeams #MSFT $MSFT

https://t.co/iBwlJpnhWL https://t.co/KT9T4TQlEy"
2021-09-13 14:30:06+00:00,"#MSFT intra-day chart
$MSFT showed early strength but followed the market weakness and dipped below Friday‚Äô low of 295.38. If the market conditions improve see if it can reclaim it for a possible reversal trade. https://t.co/xboc0gEdc0"
2021-09-13 14:29:29+00:00,Beyond sharing your screen: Interactive collaboration with apps in Microsoft Teams meetings https://t.co/F6M3J6VE7N #MSFT #Microsoft #Teams #MicrosoftTeams #Office365
2021-09-13 13:53:18+00:00,"Great to see this customer story now live for our partner Power Central. Working alongside @IngramCloud making more possible for our partners https://t.co/hVLhyB3K7n

#IngramMicroCloud #PowerCentral #Microsoft #MSDyn365 #BusinessCentral #MSDyn365BC #PowerBI #PowerPlatform #MSFT"
2021-09-13 13:44:59+00:00,"Microsoft Teams update will fix the single most common video conferencing problem    
[ URL: https://t.co/cq5Aok0PJd ]  #collaboration #Microsoft #MicrosoftTeams #MSFT #UCC #videoconferencing https://t.co/K1lG9x0j0H"
2021-09-13 12:45:35+00:00,MSFT's quarterly (!) chart looks like a penny stock's one minute chart. It has become a mania stock. It will drop huge! $MSFT #MSFT #optiontrading https://t.co/tTSdCVAEjQ
2021-09-13 02:17:40+00:00,"Combining this with #LinkedIn?

#MSFT has been very busy making small but highly strategic looking acquisitions.

#MSFT acquires learning marketplace start-up TakeLessons https://t.co/EcOyGdrEys"
2021-09-13 02:15:07+00:00,"Brad Reback, who covers #MSFT as an analyst at Stifel, says diminishing fiscal impact of Windows has 2 facets: Increasing % of co's rev comes from cloud serv like Azure and #MSFT 365, combined with $MSFT's decision to give Windows 11 out as a free upgrade
https://t.co/uBi3VCIMlg"
2021-09-12 23:26:12+00:00,"Having spent 18 years doing my bit to boost the #MSFT stock price from &lt;$30 to &gt;$300 (you're welcome btwüòã) I am super stoked about my next life assignment and to be joining @avanade as Director, Technical Advisory group starting tomorrow W00T!üéâ"
2021-09-12 23:07:19+00:00,"Check mega  caps!!! 
What do you think about their shareholders  sales increasement in august and sept?
 Is it coincidence? 38 of  46 company . check from 
#finviz
I hope you will be carefull in nowadays esp. with options. #options #megacap #Apple  #Facebook #Google  #PG #MSFT"
2021-09-12 23:02:58+00:00,"$MSFT target near $289.
#MSFT #SwingTrading"
2021-09-12 21:00:04+00:00,Want to learn how to pop out apps in #MicrosoftTeams Check out this #tutorial on #youtube  https://t.co/YiQa2H0YPD #Microsoft #MSFT #MicrosoftEDU #Remotework #MSTeams #Microsoft365 #Office365 #Teams #PowerAddict
2021-09-12 20:45:36+00:00,"@Windows @Microsoft   New Windows? 
Microsoft stock going higher??
Hmmmmm  .......

#Windows11
#OnwardAndUpward
#MSFT"
2021-09-12 17:35:26+00:00,"$MSFT #MSFT  Weekly Breakdown

Do you think we see a continuation move lower? 

We will discuss 6pm Tonight On Sunday Night Futures LIVE!

https://t.co/GTWRnSbfeT"
2021-09-12 15:59:58+00:00,"Market traders use the weekend and dive into some actual professional market education, #TRICKTRADES #Youtube channel,  #SPY #QQQ #AAPL #BABA #NVDA #FB #TSLA #AMD #TWTR #MU #AMZN #NFLX #MSFT #GOOGL #Stock #Market https://t.co/RnXVi3mcL5 https://t.co/JpYEwnlscv"
2021-09-11 23:27:41+00:00,"@DoctorBagel9000 @dcharo @LordAddictILP That wasn't 343ind. Fault. #MSFT had numerous external studios working on that, 343 was the ones that fixed it."
2021-09-11 20:00:53+00:00,"It‚Äôs ASTONISHING $MSFT did not get sued over releasing hundreds of defective Xbox one systems years ago.
Like hundreds of others I have replaced the HDMI port on my Xbox one X multiple times. What a scam. I‚Äôm throwing this Xbox away and buying a Nintendo switch #MSFT #Nintendo"
2021-09-11 15:41:02+00:00,"WATCH BEARISH SEPT SELL OFF DOW JONES INDEX DJIA DOW 30 DIA. https://t.co/8Y9cvw3uUd 
#JNJ $JNJ
#JPM $JPM
#KO $KO
#MCD $MCD #McDonalds
#MMM $MMM
#MRK $MRK
#MSFT $MSFT #Microsoft
#NKE $NKE #Nike
#PG $PG
#TRV $TRV
#UNH $UNH
#V $V #Visa
#VZ $VZ #Verizon
#WBA $WBA
#WMT $WMT #Walmart https://t.co/38dXfjJIWR"
2021-09-11 08:51:37+00:00,@subham_banka Mine prefers buying #msft stocks through espp program. She has more faith in her employer
2021-09-11 08:25:47+00:00,@RidyardMike At some point these new monopolies will fall away if they don't keep buying their natural successors. I avoid over exposure to them cos my other half has #MSFT employee options. VC's are burning billions trying to find the next gen among the many duds
2021-09-11 08:12:27+00:00,"Let's have a look at the story of Microsoft in this final part of my Microsoft deep dive.

#invest #dividends #TEIN #msft 

https://t.co/SFwqS0QrCa"
2021-09-11 04:44:34+00:00,"#AzureDevIndia is going live with the session ‚ÄúEnd to End Predictive Maintenance Use Case with Azure ML &amp; Azure IoT Edge‚Äù by Saravanan Ganesan in the next 30 mins.

Catch us live here: https://t.co/IFC3H2PeJr

#MSFT #Azure"
2021-09-11 04:43:56+00:00,"#AzureDevIndia is going live with the session ‚ÄúEnd to End Predictive Maintenance Use Case with Azure ML &amp; Azure IoT Edge‚Äù by Saravanan Ganesan in the next 30 mins.

Catch us live here: https://t.co/mTm9jyzPQT

#MSFT #Azure"
2021-09-11 04:29:39+00:00,"#AzureDevIndia is going live with session ‚ÄúEnd to End Predictive Maintenance Use Case with Azure ML &amp; Azure IoT Edge‚Äù by Saravanan Ganesan in next 30 mins.

Catch us live here: 

#MSFT #Azure https://t.co/CoH6gA9FuQ"
2021-09-11 01:15:07+00:00,"#AAPL #MSFT #AMZN #GOOG #FB

Is this going to be the first of many successful legal challenges against the big 5 tech giants - @Apple, @Microsoft, @amazon, @Google &amp; @Facebook - who have been criticised for 'alleged anti-competitive' behaviour?

https://t.co/MBs9lrRTeW"
2021-09-11 00:31:47+00:00,"$MSFT Blue Raindrop on the daily as #MSFT starts to dip into volume gap.
https://t.co/C5eeeKLlY1"
2021-09-10 20:40:00+00:00,Microsoft OneDrive cheat sheet https://t.co/X9LZybf0Aj via @computerworld #msft #OneDrive #O365
2021-09-10 19:45:44+00:00,"No circuit breakers in the last 15 min. Read the rules‚Ä¶

#btc¬†¬†¬†¬† #crypto #ether #Ethereum #xrm #xrp #xlm #doge #amc #gme #nok #bb #bbby #amzn #aapl #fb #googl #nflx #snap #tsla #msft #panw #spy #qqq #uco #uso #sco #slv #gld #sqqq #iwm #dow #dia #djia #acb #tlry #bitcoin"
2021-09-10 19:33:19+00:00,Check out my #GOOG #AAPL #FB #AMZN #TSLA #MSFT analysis on @TradingView: https://t.co/ug6fSqdeyX
2021-09-10 19:32:53+00:00,Beyond sharing your screen: Interactive collaboration with apps in Microsoft Teams meetings https://t.co/D2E4RnMQDA #MSFT #Microsoft #Teams #MicrosoftTeams
2021-09-10 19:00:05+00:00,Are you facing #Provisioning challenges with #MicrosoftTeams? Looking to enhance your #DataGovernance strategy? Discover how #MSFT limitations are affecting your organization and how you can tackle them ‚úîÔ∏è https://t.co/jsIeOYkals https://t.co/8Nk9QaGpto
2021-09-10 17:31:16+00:00,"$MSFT DRIP 

Yes please üòã 

@Microsoft #microsoft #stockmarket #msft #drip #dividendreinvestmentplan #investing"
2021-09-10 16:47:55+00:00,@LukeDonay Where is #MSFT ?
2021-09-10 16:31:26+00:00,"#MSFT intra-day chart
After dipping as low as 296.40, $MSFT is attempting a reversal as it reclaimed 297. We bought some $300 calls expiring next week in case it starts a new active sequence, or at least a dead cat bounce from the 21EMA https://t.co/bHkCUmwqyN"
2021-09-10 16:31:24+00:00,Data Pros‚Äô VoIP solutions give you tailored telephony systems that allow you to modernize your communications without breaking the bank. Contact us for your free consultation today! https://t.co/DMJgWB0ijk #MSFT $Microsoft #DataPros #VoIP
2021-09-10 16:30:59+00:00,"$MSFT 9/10 297.5 calls $.36 to $1.56 and out! üéØ üí∏üè¶ 
#stocks #options #optionstrading #MSFT"
2021-09-10 16:22:00+00:00,You can now deploy the #Windows11 commercial preview: Here's how https://t.co/ttwoAoOKHa via @TechRepublic #msft #sysadmin
2021-09-10 15:28:00+00:00,#WorkFromHome #MSFT ‚ÄúStay put‚Äù https://t.co/O5oba50tcm
2021-09-10 15:16:07+00:00,This new Microsoft Teams feature can help make you a better presenter https://t.co/NYxouN0EnG #MSFT #Microsoft #Teams #MicrosoftTeams
2021-09-10 14:16:01+00:00,.@Microsoft #Office zero-day #vulnerability that allows remote code execution is being actively exploited https://t.co/ohXZtjtuyY via @techspot #msft #infosec #opsec #ITpro
2021-09-10 13:21:01+00:00,"#LinkedIn, owned by #MSFT, is one of the #worst. They are #punitive and #draconian. Their rules are #irrational and defy #commonsense. They cut you off for telling the #Truth. I'd rather use #Twitter #Facebook and #Gettr.
https://t.co/oVzeKymS4M"
2021-09-10 13:11:03+00:00,#MSFT #Microsoft The tight consolidation at the top. https://t.co/vKu0FXkuGz
2021-09-10 11:53:07+00:00,[.] The shift to firm-wide remote work caused business groups within #MSFT to become less interconnected. It also reduced the number of ties bridging structural holes in the company‚Äôs informal collaboration network and caused individuals to spend less time collaborating [.]
2021-09-10 11:39:45+00:00,"Hi

#PATH #M #COTY #MSFT #WFC #NVDA #METX #VZ #XOM #CRDF #EFTR #SOFI #BABA #NOK #PTON #CLF #ZOM #GOLD #ENDP #DIDI

NUVM - Get In Now.
Evaluated potential partner ships
Merger
https://t.co/y8e01JexF8

Do your DD #stockstowatch #wallstreetbets #StocksToTrade"
2021-09-10 04:07:06+00:00,"@Microsoft ""we don‚Äôt have to be physically together to feel like we‚Äôre in it together. "" wise words, @Microsoft #MSFT #hybridwork"
2021-09-10 01:46:32+00:00,"MSFT-- 90TD and 90CD counts into High? Hitting Sq9 target in PRICE as Gann cycles come due! TIME &amp; PRICE   https://t.co/0fCZFdgYRM  #gann, #MSFT, #stocks, #Techstocks, #FANG, #NDX, #trading, #WDGann, #cycles, #timing, #volume, #RSI #Ganntrading, https://t.co/W4cic8Gc2y"
2021-09-10 01:24:26+00:00,2/2 But there are days like today that require a little moment of reflection upon reaching a major milestone. 5 years a #MSFT MVP. Thank you #PowerBI community for being awesome! And to the PBI team that make and support such a fantastic product. Best 5 years ever. https://t.co/4JhUGcSBOO
2021-09-10 01:18:42+00:00,"$MSFT #MSFT patience! 

Lets see how we close the week üòÄ https://t.co/S1SeFdeepK"
2021-09-09 23:56:51+00:00,@verge Creating inclusive experiences - thank you @Microsoft #MicrosoftTeamsRooms #MSFT
2021-09-09 23:37:58+00:00,"Do you own any stocks?üíØ

Via: @goodstudent_inv 

#appl #investing #goog #fb #amazonstock #investinstocks #sp500 #amzn #msft #applestock #aapl #stockstohold #stockmarket #personalfinance #tsla #dividend #dividendincome #stocks #investingeducation #trading https://t.co/KyczE71LZ9"
2021-09-09 21:37:54+00:00,üéâ Big congratulations to Team @Microsoft for elevating the #HybridWorking experience with new #MicrosoftTeams features that create an inclusive environment where everyone is seen and heard! üèÜ #remotework #officeofthefuture #MSFT https://t.co/atWeAhbCC3
2021-09-09 20:41:21+00:00,Microsoft CEO: Flexibility is the key to future of hybrid work https://t.co/tnUe9S3iLR #MSFT #Microsoft #HybridWork #CEO
2021-09-09 20:06:58+00:00,Wow $MSFT #MSFT non stop above ask buys. Thanks @unusual_whales. We're already early on these contracts just in case she rips without giving us a dip to average down. https://t.co/eC2SCutVTd
2021-09-09 18:52:03+00:00,"@windowsdev ‚Äú@timberners_lee, who is documented as the founder of the World Wide Web.‚Äù - #NdifrekeSylvanusOkon

#www
#internet
#MSFT
#infrastructure
#Framework
#DevOps
#IoT
#MachineLearning
#SoftwareEngineering
#softwaredevelopment
#code
#unix
#GitHub
#DEVCommunity
#IT
#w3c
#HTTP
#Technology"
2021-09-09 18:51:03+00:00,Microsoft Teams and Outlook are getting big updates to help you adapt to hybrid work https://t.co/1W7d5I9l8P #MSFT #Microsoft #Teams #MicrosoftTeams #Outlook
2021-09-09 18:48:00+00:00,#Windows11 could make your PC faster thanks to these clever new tricks https://t.co/VRXlvGIr66 via @windowslatest #sysadmin #msft
2021-09-09 18:15:33+00:00,"Announcing the next wave in #MicrosoftTeams Rooms innovation with a new category of intelligent camera. The PanaCast 50. 

We are proud to be a part of this #MSFT Moment!

Brace yourselves: Hybrid work is hard. Here's how Microsoft Teams can help:
https://t.co/yMsXADIBk3"
2021-09-09 18:11:16+00:00,"Announcing the next wave in #MicrosoftTeams Rooms innovation with a new category of intelligent camera. The PanaCast 50. 

We are proud to be a part of this #MSFT Moment!

Brace yourselves: Hybrid work is hard. Here's how Microsoft Teams can help: 
https://t.co/t2lsR7klqY"
2021-09-09 17:34:27+00:00,"Microsoft Teams is getting hybrid meeting features, including CarPlay support https://t.co/WI40ZiFejQ #MSFT #Microsoft #Teams #MicrosoftTeams #CarPlay"
2021-09-09 17:15:57+00:00,"üö®üòªü™Ñ September 9, 2021 #MSFT push out #CumulativeUpdate #KB5005642 for Windows 11 Version 21H2, #InsiderPreviewBuild /22000.184.co_release_svc_im.210901-1745/ in the üé°#BetaChannel, also making CU available to commercial PCs in the #ReleasePreviewChannel https://t.co/uYT0O6NxYG https://t.co/fyy6CBATTV"
2021-09-09 16:40:00+00:00,Microsoft warns of attacks targeting Office documents https://t.co/KZBS27XmyV via @TechRepublic #msft #sysadmin #ITpro
2021-09-09 15:44:41+00:00,"Microsoft is indefinitely postponing workers‚Äô return to US offices as Covid cases surge.

The fall ahead might look very similar to last fall.

#MSFT"
2021-09-09 15:32:24+00:00,#MSFT we exited this position as it broke the low of the day. Respect your stops as it might get choppier later in the day
2021-09-09 15:28:54+00:00,Microsoft is putting Teams into PowerPoint for better remote presentations https://t.co/czrRmrLRnv #MSFT #Microsoft #Teams #MicrosoftTeams #PowerPoint
2021-09-09 14:08:51+00:00,Create custom scenes for Together Mode in Microsoft Teams meetings https://t.co/oizejO9W4B #MSFT #Microsoft #Teams #MicrosoftTeams #TogetherMode
2021-09-09 10:34:05+00:00,"#Briefs #MSFT Microsoft, SoftBank Backed OYO Collaborate For Travel Tech https://t.co/mvYUMt9X3Y https://t.co/nCtpoBoykR"
2021-09-09 10:03:02+00:00,"üîä Announcing üí≠ #CloudQuiz
Put your üìñ  knowledge of Cloud &amp; Azure services to test!
And winüí∞ exciting prizes in store
Challenge begins October 8th
Register here: https://t.co/kCXKY59UZl

#KonfHub #MSFT https://t.co/8CofEvRBaI"
2021-09-09 09:56:02+00:00,"üîäAnnouncing üí≠ #CloudQuiz
Put your üìñ knowledge of Cloud &amp; Azure services to test!
And winüí∞ exciting prizes in store
Challenge begins October 8th
Register here: https://t.co/JAfSJb4Cko

#KonfHub #MSFT https://t.co/Cc7aCaSsDe"
2021-09-09 04:50:27+00:00,"Calling out üì¢ to all Azure enthusiasts to join this exciting session on ‚ÄúEnd to End Predictive Maintenance Use Case with Azure ML &amp; Azure IoT Edge‚Äù by Saravanan 

 ùü≠ùü≠ùòÅùóµ ùó¶ùó≤ùóΩùòÅùó≤ùó∫ùóØùó≤ùóø
 ùü≠ùü¨:ùüØùü¨ ùóÆùó∫ ùóºùóªùòÑùóÆùóøùó±ùòÄ

Register for üÜì https://t.co/lAwE1Eng7d

#Azure #MSFT"
2021-09-09 04:45:01+00:00,"Calling out üì¢ to all Azure enthusiasts to join this exciting session on ‚ÄúEnd to End Predictive Maintenance Use Case with Azure ML &amp; Azure IoT Edge‚Äù by Saravanan 

 ùü≠ùü≠ùòÅùóµ ùó¶ùó≤ùóΩùòÅùó≤ùó∫ùóØùó≤ùóø
 ùü≠ùü¨:ùüØùü¨ ùóÆùó∫ ùóºùóªùòÑùóÆùóøùó±ùòÄ

Register for üÜì https://t.co/KwRywktO7R

#Azure #MSFT"
2021-09-09 02:03:23+00:00,"Jefferies: a #MSFT expert who said px incr will likely drive higher adoption of E5, ""deeper integrations"" for Office, Dynamics and Teams are on the way and that Win365 can be expensive but catered to clients who don't want to manage infrastructure. https://t.co/zOXpJOGlKm"
2021-09-08 21:12:30+00:00,Secure your data in the cloud with Microsoft Azure Solutions from Data Pros! Contact us for a free consultation today! https://t.co/DWpK0X50Ag #MSFT #Microsoft #DataPros #Azure #Cloud
2021-09-08 19:42:00+00:00,I legit wait for this training and Nelson is a legend !#sbc #msft https://t.co/al88pcmJUw
2021-09-08 16:41:44+00:00,"Hi

#PDD #FAMI #FINV #MSFT #ATER #DKNG #ENDP #SKLZ #FBRX #TME #ITUB #CMCSA #MRNA #GOTU #RKLB #UBER #SWN #MARA #ATVI #CSCO

NUVM - Buy the dips.
Evaluated potential partner ships
Merger
https://t.co/y8e01JexF8

Do your DD #stockstowatch #wallstreetbets #StocksToTrade"
2021-09-08 16:30:26+00:00,"#MSFT chart intra-day
$MSFT touched its 21EMA after it entered a downtrend from 305. It might be worth a try here versus the low of the day if the market rebounds later in the day. Holding above 298.20 would be a start https://t.co/n1okxZoemV"
2021-09-08 15:30:26+00:00,"Hybrid working is here to stay, and Microsoft is enabling it  https://t.co/qQrqLkbf8s #MSFT #Microsoft #HybridWork #RemoteWork"
2021-09-08 15:06:21+00:00,"$IBM/#IBM $MSFT/#MSFT ""Money, mimicry and mind control: Big Tech slams ethics brakes on #AI"" https://t.co/DsNVZqo1Sx"
2021-09-08 15:00:01+00:00,Want to learn all of the different ways you can create a team in #MicrosoftTeams ? Check out this tutorial. https://t.co/kQyXS570r6 #Microsoft #Microsoft365 #Office365 #MSFT #MSTeams #Remotework #MicrosoftEDU #YouTube #Howto #Tutorials #SharePoint #Azure #AzureActiveDirectory
2021-09-08 14:46:19+00:00,#MSFT #Defender #Graph ? Yes plz! Check out the picture this provides of attacker steps once they compromise 1 device! https://t.co/nRNyH2DmrI
2021-09-08 14:33:07+00:00,Microsoft rebrands its news feed as 'Microsoft Start' https://t.co/MorQbKEAS2 #MSFT #Microsoft #Start #MicrosoftStart
2021-09-08 13:30:04+00:00,Microsoft acquires Clipchamp cloud video editor #msft/surface/o365 #feedly https://t.co/jSmI5whx0c
2021-09-08 09:04:50+00:00,Don‚Äôt b a #msft #west; be an #aapl #China #east. Play the #InfiniteGame. The #OneBeltOneRoad is #infinite. Everything China has done since #1AD has been infinite. Respect. #cx #ex #custexp #custserv #employeeexperience #innovation #futureback
2021-09-08 09:00:03+00:00,Want to learn #howto set your out-of-office in #Microsoftteams ? Check out my #youtube #tutorial https://t.co/QjPjBIf85g #outlook #Microsoft #Microsoft365 #MSFT #Microsofttraining #vacation #MSTeams
2021-09-08 05:07:12+00:00,"$MSFT

Looking at 2 potential plays shown with Yellow Circles 

#MSFT 
#Microsoft 
#SPY 
#QQQ https://t.co/reXLZxHkwW"
2021-09-08 04:36:23+00:00,"Top watches for tomorrow: $MSFT may break downwards channel, $MU symmetrical triangle, $ROKU downtrend break coming, $SHOP downtrend break coming soon. #SHOP #ROKU #MU #MSFT #stocks #stocktowatch #stockstobuy #stockmarket #chartidea https://t.co/xrSbHwxVXI"
2021-09-08 04:33:55+00:00,"What's everyone buying tomorrow? üëÄ

#DKNG #AAPL #SPY #AMC #GME #AMD #MSFT"
2021-09-08 04:06:09+00:00,"Tomorrow I'll be watching 
#MSFT
#VALU
#PAYX
#PXLW
#GMAB"
2021-09-08 01:51:26+00:00,"#MSFT Start allows users to personalize their news feeds with content from more than 1,000 publishers https://t.co/2CMcyHSXCC via @WSJ"
2021-09-08 01:50:12+00:00,"Is #MSFT encroaching more and more on #ADBE space? 

#MSFT buys video-editing software company Clipchamp https://t.co/MR0gz0KsP8"
2021-09-08 01:07:28+00:00,"$MSFT #MSFT possible setup

looking for $293 - worth a look https://t.co/UlFFBN9FTL"
2021-09-08 00:43:15+00:00,"Before you hear it anywhere else.... 

DmcRyan (got me blocked) is a Tool and Subservient to Advertising Dollars. 

He doesn't represent #XBOX or #MSFT in any shape or form. He simply opens his mouth, when his superiors (probably in advertising) tell him to."
2021-09-07 21:58:23+00:00,"@lucasjoppa @sunrisemvmt @FireDrillFriday @IENearth Apparently @Microsoft will fiddle around, funding #climatedeniers in #Congress while #CaliforniaWildfires blaze &amp; their #smoke shorten lives in #SiliconValley. If you know anyone who works for #MSFT, tell them to go on strike. https://t.co/3P75spyHF2"
2021-09-07 20:12:30+00:00,Microsoft Forms is adding some much-needed organization features https://t.co/ogGTb827cW #MSFT #Microsoft #Forms #MicrosoftForms #Office365
2021-09-07 18:53:30+00:00,"$AAPL with a strong move, trading at the top of its channel, make or break for the next week. 

#AAPL #SPY #QQQ #MSFT #NASDAQ https://t.co/lgZGv0ITyr"
2021-09-07 18:31:19+00:00,"Microsoft joins Open Infrastructure Foundation
 https://t.co/eSKcxpyMxA #MSFT #Microsoft #Infrastructure"
2021-09-07 17:35:03+00:00,Microsoft rebrands its news feed as 'Microsoft Start' https://t.co/bXhDYHZDpZ #MSFT #Microsoft #MicrosoftStart #News
2021-09-07 16:45:46+00:00,today @atwork and I received our MVP award kit. thank you  #msft and #mvpbuzz #azure #microsoft365 #officedev https://t.co/cHk3UlkRa7
2021-09-07 15:58:42+00:00,"Have you all seen the updates pushed by #microsoft #Myanalytics is migrating to #vivainsights so be sure to get caught up on all the latest news before the release in Fall 2021. 
https://t.co/Q315FnkAZy 
#viva #msft #msftadvocate https://t.co/TNwIbn1gix"
2021-09-07 15:53:37+00:00,@jlstonemd1 @Windows Reaping benefits of lack EPA standards set by R's. Windows wants to continue stripping minerals using poor people's labor. ü§Æ We see you #MSFT
2021-09-07 15:38:42+00:00,Why in the name of SAVING OUR PLANET is @Windows donating to climate denying Rs and their PACs? Shame on you #MSFT.
2021-09-07 15:28:57+00:00,Microsoft to secure Office by changing how it handles Trusted Documents https://t.co/tMtXIodcCG #MSFT #Microsoft #Office #MicrosoftOffice #CyberSecurity
2021-09-07 15:09:18+00:00,"Are you a @Microsoft partner with questions around NCE? Check out this FAQ PDF: https://t.co/IJUXKcoA4P 

@IngramCloud @msPartner  @MSFTDynamics365 @Microsoft365 

#MSFT #Microsoft #IngramMicroCloud #NewCommerceExperience #MSFT #MSDyn365 #Microsoft365 #Azure #Cloud #MSFTAdvocate https://t.co/btmAv0q5FO"
2021-09-07 14:53:29+00:00,"#MSFT chart intra-day
$MSFT has been weaker than other tech stocks so far. This would be the 5th consecutive day down. See if it reclaims 300.26 for a possible reversal, as this looks like a hammer type candle. https://t.co/JsJLeIIC9l"
2021-09-07 14:10:06+00:00,Microsoft will soon allow chat supervisors to delete messages in Teams https://t.co/Fivno2Q6lf #MSFT #Microsoft #Teams #MicrosoftTeams
2021-09-07 11:32:25+00:00,Full Time Graduate Opportunities @ #MSFT https://t.co/3qEEKS1mVk #WeArehiring #Jobs #jobseekers #graduates
2021-09-07 09:06:52+00:00,"Are you üÜï to Azure ML &amp; IoT? If yes, then here you go!
Learn the fundamentals of Azure ML with Azure IoT by Saravanan on 11th September 2021, 10:30 am onwards.

RSVP here for üÜì: https://t.co/lAwE1E5FfF

#AzureDevIndia #Azure #MSFT"
2021-09-07 08:48:36+00:00,"Are you üÜï  to Azure ML &amp; IoT? If yes, then here you go!
 
Learn the fundamentals of Azure ML with Azure IoT by Saravanan on 11th September 2021, 10:30 am onwards.

RSVP here for üÜì:  https://t.co/KwRywktO7R
 
#AzureDevIndia #Azure  #MSFT"
2021-09-07 08:46:15+00:00,#PRSM earlier 1283 closed yday 1228 #systematica are stuck short they hv about 1% to cover #BARC latest institutional buyer has taken a holding last few days has others hv a deal looks on 2000+ #PEGA #PATH and #automationanywhere #MSFT any1 of them could make a bid all same field
2021-09-07 03:30:20+00:00,"@CBR Instead of being mad at #MSFT for making such a power move, be angry at the #gamesmedia &amp; the fanboys for driving that narrative of ""#xbox has no games""

If they weren't so obsessed with generating clicks off negativity &amp; using that as an arguing point Bethesda would be multiplat"
2021-09-07 03:09:10+00:00,"#AAPL, #AMD, #MSFT Three stocks to watch tomorrow for more upside. I provide levels and targets for each...
https://t.co/Lsdssyps1L

#trading"
2021-09-06 21:15:00+00:00,"$MSFT Don't let a bad trade make you into a long term investor! üíÄ

It took 17 years for #MSFT to reclaim dot com bubble highs!
https://t.co/jRnnQHILFu"
2021-09-06 21:00:04+00:00,Want to learn how to restore a deleted file in #MicrosoftTeams ? Check out this tutorial!   https://t.co/kxpEqV8xwm #Microsoft #Microsoft365 #Office365 #MSFT #MSTeams #Remotework #MicrosoftEDU #YouTube #Howto #Tutorials #SharePoint #SharePointOnline
2021-09-06 18:27:32+00:00,"$MSFT
Actionable Signals:
- Day IB
- Week 2x IB üî•

Full Time Frame Continuity is üü¢ when MSFT is &gt;302.87.

Bullish &gt; 302.60, 305.19
Bearish &lt; 300.26, 300.18

#TheStrat #daytrading #trading #MSFT #microsoft #technicalanalysis #OptionsTrading #Watchlist https://t.co/jqK6aXLOuJ"
2021-09-06 18:03:40+00:00,"How to Change the Install Location of Microsoft Store Games? #xbox #xboxone #XboxSeriesX #XboxSeriesS #microsoft #msft #MicrosoftStore
https://t.co/BfAd8mqgxA"
2021-09-06 17:49:04+00:00,"@XcloudTimdog If #MSFT &amp; #sony were smart, they would bulk inventory up from now, so that they can have a huge holiday push. 

Air freight cost much more than by sea, so instead of doing that, just replenish stock, stock up."
2021-09-06 16:48:15+00:00,"today I hosted my first ever event as #MSFTStudentAmbassador!ü§©it was an awesome experience, being @msa_ind I spoke about #reactjs #ReactNative #Nodejs #MSFT and also demonstrated how to create a simple web app using the react.js library#Microsoft #microsoftteams #webdevelopment https://t.co/l5qqvSbZqg"
2021-09-06 15:33:28+00:00,"#trading #stocks #finance #Dark #msftüöÄüìà

Darktrace continues to trade higher.  

Using AI to reduce cyber threats to business.

Straight into the FTSE 250 - tracker indexes purchasing 

Key partnerships with Microsoft https://t.co/EhvemEaxjy"
2021-09-06 15:00:02+00:00,Want to learn how to use the history menu in #MicrosoftTeams Check out this #tutorial on #youtube  https://t.co/yJCrTCvTl6 #Microsoft #MSFT #MicrosoftEDU #Remotework #MSTeams #Microsoft365 #Office365 #Teams #PowerAddicts
2021-09-06 12:20:48+00:00,$MSFT TABLE for CLOSE PRICE Prediction for the next 7 Days starting 2021-09-03 #msft https://t.co/O2GVe6SOIH
2021-09-06 12:20:45+00:00,$MSFT SIGNAL for CLOSE PRICE Prediction for the next 7 Days starting 2021-09-03 #msft https://t.co/nMLzDhz0eH
2021-09-06 12:20:40+00:00,"$MSFT 2021-09-03 , CLOSE PRICE = 301.140015 #msft"
2021-09-06 11:50:47+00:00,@MadMoneyOnCNBC @jimcramer #appl and #msft are safe bets. Kids like to see money grow. Get depressed if they drop too much.
2021-09-06 03:00:03+00:00,Want to learn how to use the #MicrosoftTeams #remotemeeting recap? Check out this #tutorial https://t.co/V7rou0g3nT #Microsoft #MSFT #MicrosoftEDU #Remotework #MSTeams #Microsoft365 #Office365 #Zoom #Remotemeetings #onenote
2021-09-05 21:54:22+00:00,Productivity down 99% when using #msft products. Struggling through ü•≤ #shitposting #iownit #google
2021-09-05 15:55:39+00:00,"$MSFT remains strong and likely sees 319-320 before a wave 4 pullback. Overall, I see #MSFT hitting 370's after a decent 6-10% pull back. https://t.co/meJQuUPs66"
2021-09-05 09:00:03+00:00,Want to learn all of the different ways you can create a team in #MicrosoftTeams ? Check out this tutorial. https://t.co/kQyXS570r6 #Microsoft #Microsoft365 #Office365 #MSFT #MSTeams #Remotework #MicrosoftEDU #YouTube #Howto #Tutorials #SharePoint #Azure #AzureActiveDirectory
2021-09-05 03:00:03+00:00,Check out my #youtube #tutorial to learn #howto use #Zoho projects in #MicrosoftTeams https://t.co/ChwnBHqzyM #Microsoft #Microsoft365 #MSFT #Microsofttraining #Projectmanagement #MicrosoftEDU
2021-09-05 01:41:40+00:00,"@isthatjuddy @Microsoft @ArchTis Well, I doubt that the board would except anything that did not factor in the revenue growth, but the longer this company continues growing revenues, the higher the share price. Archtis software is a blanket security fix for most Microsoft offerings, it‚Äôs a logical #msft fit."
2021-09-04 22:47:59+00:00,Winter is coming // $MSFT idea based on fractals - #MSFT chart https://t.co/rCV5dGOsAw
2021-09-04 21:17:05+00:00,"I plan on starting to post about finance - mainly stocks, personal finance, possibly crypto. Don‚Äôt worry my Xbox clips will still be here too #finance #Crypto #investing #Ethereum #aapl #msft #xbox"
2021-09-04 16:52:03+00:00,"Peace and Blessings!

$MSFT CFO Amy Hood sold more than $18 million of shares on Wednesday

#msft #stockstowatch #stocks #stocksinnews"
2021-09-04 13:57:15+00:00,@windowscentral I've become accustomed to tuning in for #MSFT product announcements solely for the purpose of picking which products/features they announce which we'll likely never see.
2021-09-04 13:37:36+00:00,"@DaddyDevil876 @FletchyTweets Oh, y'mean like Puertorock was using Disabled gamers, to throw shade at #MSFT &amp; #XBOX? https://t.co/fmPRjkCuhK"
2021-09-04 09:00:02+00:00,Want to learn how to email a channel in #MicrosoftTeams ? Check out this tutorial!   https://t.co/B9hZRnxhqg #Microsoft #Microsoft365 #Office365 #MSFT #MSTeams #Remotework #MicrosoftEDU #YouTube #Howto #Tutorials #SharePoint #SharePointOnline #email
2021-09-03 18:43:25+00:00,Microsoft Teams: Here are the features added in the past month https://t.co/IwtYmsYQZi #MSFT #Microsoft #Teams #MicrosoftTeams
2021-09-03 18:00:23+00:00,"How to Enable Super Duper Secure Mode in Microsoft Edge
https://t.co/ClyaKWdX5C

#microsoftedge #superdupersecuremode #msft #Windows11 #windows10 #TechTutorial #TechSupport #TipsAndTricks #HowTo https://t.co/v2XIbQvzNe"
2021-09-03 17:44:00+00:00,"Researchers, #cybersecurity agency urge action by #Microsoft #cloud database users https://t.co/8GIawre3JX via @Reuters #msft #ITpro #infosec #opsec"
2021-09-03 16:40:00+00:00,.@Microsoft Exchange servers being hacked by new LockFile ransomware https://t.co/BoX4ODp44x via @bleepincomputer #msft #ITpro #sysadmin #Exchange #infosec #opsec
2021-09-03 16:02:05+00:00,#Big_Ideas_Channel #AMZN #APPL #MSFT #PLDR Extreme Weather Across the U.S. is Just a Preview of Global Warming Reality https://t.co/1GxqpLyakC https://t.co/HhkKr6EmNW https://t.co/r4cyn8yjOF
2021-09-03 15:41:22+00:00,"Cant wait to see how AI algos run during anything but an uptrend..

#btc¬†¬†¬†¬† #crypto #ether #Ethereum #xrm #xrp #xlm #doge #amc #gme #nok #bb #bbby #amzn #aapl #fb #googl #nflx #snap #tsla #msft #panw #spy #qqq #uco #uso #sco #slv #gld #sqqq #iwm #dow #dia #djia #acb #tlry"
2021-09-03 15:26:34+00:00,Microsoft Teams: 7 shortcuts for quick access to basic but important functions https://t.co/XtpjLWDQbK #MSFT #Microsoft #Teams #MicrosoftTeams #ShortCut
2021-09-03 14:59:47+00:00,"By the way: Outlook App on Android doesn‚Äôt support S/MIME Keys bigger than 4096bit (RSA). Got 8K Keys? Crash.
No problem on iOS, though. #Microsoft365 #msft"
2021-09-03 14:37:03+00:00,"Bring the intelligence, security, and reliability of #Azure to your #SAP apps. Learn how to move your on-premises workloads to the cloud with this free guide: https://t.co/zN1PDhhrRC

#Apps #Cloud #MSFT #MSFTadvocate | RT @Azure https://t.co/NHCJyqrrHP"
2021-09-03 14:31:04+00:00,#MSFT $MSFT - https://t.co/1h33VDIHse
2021-09-03 14:13:45+00:00,Windows 11: Microsoft marches toward open platforms https://t.co/GnatJvGLzA #MSFT #Microsoft #Windows11 #IT
2021-09-03 13:29:13+00:00,"How to earn and win 1000 points with Xbox punch cards? #xbox #xboxone #XboxSeriesX #microsoft #microsoftrewards #msft 
https://t.co/mcglk85uJV"
2021-09-03 13:15:56+00:00,"The tweets I want to keep a record of. As if that is a thing. With One drive serving as back up of most important datum. Other than that it is the My Phone app to converse information, between the two. A Smart Phone and a computer. Pretty nifty set up, if you ask me #Google #Msft"
2021-09-03 11:09:05+00:00,"A gym analogy for why businesses should be using  @MSFTDynamics365. A short video having a little fun, check it out &amp; see if it makes you smile or look at things differently!
@msPartner @IngramCloud https://t.co/iFixFKbJfZ #MSDyn365 #Microsoft #MSFT #IngramMicroCloud #D365 #Video"
2021-09-03 09:00:05+00:00,Want to learn how to email a channel in #MicrosoftTeams ? Check out this tutorial!   https://t.co/B9hZRnxhqg #Microsoft #Microsoft365 #Office365 #MSFT #MSTeams #Remotework #MicrosoftEDU #YouTube #Howto #Tutorials #SharePoint #SharePointOnline #email
2021-09-03 01:30:58+00:00,"Ugh, 22000.168 has somehow corrupted my Start Menu and I am having trouble recovering. Anyone know of any easy fixes? #WindowsInsider #Win11 #MSFT"
2021-09-02 20:15:26+00:00,"Is there any reason for Microsoft CSPs to even consider customer self-service portals? 

Here's a look. https://t.co/1Cz0AUmAgi

#PowerApps #Microsoft #lowcode #PowerPlatform #msft #azure #dynamics365 #linkedin #microsoft365"
2021-09-02 18:48:00+00:00,"In Microsoft's world, cloud email still often requires on-premises Exchange. Why? https://t.co/C6BKcSKJf7 via @TheRegister #msft #Exchange #email #ITpro #sysadmin"
2021-09-02 18:47:46+00:00,Microsoft Teams just got new breakout room controls and better search https://t.co/EkqVbl0LdW #MSFT #Microsoft #Teams #MicrosoftTeams
2021-09-02 17:57:25+00:00,"üìØüòªü™Ñ September 2, 2021 #MSFT push out #CumulativeUpdate #KB5006050 for Windows 11 Ver. 21H2, #InsiderPreviewBuild /22000.176.co_release_svc_prod2.210825-1709/ in the üé°#BetaChannel, also making CU available to commercial PCs in the #ReleasePreviewChannel https://t.co/X6bVDS16SS https://t.co/IgSIXkGJxh"
2021-09-02 17:46:26+00:00,"Listened to @CaseyNewton interviewing Zuck. A couple things I found interesting.
1) Hear Zuck talk about #metavarse and workforce productivity (""being there"" with co-workers / setups) feels as if this is targeted to the #msft domain - Helping make everyone productive."
2021-09-02 16:20:02+00:00,#MSFT - MSFT (GLOBAL) - TradingView - https://t.co/Fol5nqrZrl
2021-09-02 16:07:52+00:00,Get ready for the new Word Cloud feature coming to Teams https://t.co/Yuxy2madPW #MSFT #Microsoft #Teams #MicrosoftTeams #Word #MicrosoftWord #Windows
2021-09-02 13:54:12+00:00,Microsoft announces its fall Surface event for September 22  https://t.co/4tMNnDwi0w #MSFT #Microsoft #Surface #MicrosoftSurface
2021-09-02 08:12:45+00:00,"This week's article is all about the new features of #Dynamics365 #FieldService in #2021ReleaseWave2 Lots of new functionality and updates, including some updates to functional locations. Check it out here: https://t.co/98CrIUKTLn #msdyn365 #msdyn365ce #powerplatforms #MSFT https://t.co/q8g2jPYqhX"
2021-09-02 02:21:28+00:00,Microsoft - $400 2021 Price Target - #MSFT chart https://t.co/GNGdVCXOfL
2021-09-02 01:59:22+00:00,"@FailedPyro @avoblackfyre I love how fanboys try to deny that #MSFT Slapped Sony during the #Xbox360. 
Look, churning out PS3's just to catch up in sales, dosen't make you the winner. 
Xbox360 had a much higher games to console attatch rate than the PS3. Sony got Owned that WHOLE gen. That's a Fact!"
2021-09-02 01:53:15+00:00,"@FailedPyro So Sony makes year long exclusivity deals, intentionally leaving content off a rival console, So MSFT opens the Vault &amp; NOW it bothers you? 

Big Bank beats Little Bank everytime. Anything from here on out #Sony does, #MSFT is going to double or triple that. 

I Love It. https://t.co/8wbZtCL1xH"
2021-09-01 19:17:23+00:00,Polls in Microsoft Teams meetings will soon support open-ended questions https://t.co/SVJu06u7mJ #MSFT #Microsoft #Teams #MicrosoftTeams #Polls
2021-09-01 17:09:47+00:00,Microsoft makes privacy changes to Microsoft 365 usage analytics https://t.co/v22KShkFH8 #MSFT #Microsoft #IT #Cybersecurity
2021-09-01 16:17:43+00:00,Microsoft Teams wants to help improve reading skills for students https://t.co/eZRYkEBkuL #MSFT #Microsoft #Teams #MicrosoftTeams #Education
2021-09-01 15:39:49+00:00,"Windows 11 coming to Xbox in October 2021 #microsoft #msft #windows #windows11 #xbox #xboxone #XboxSeriesX #xboxseriess #gaming #videogames  
https://t.co/mI6QEQoRKG"
2021-09-01 15:05:10+00:00,Check out my #youtube #tutorial to learn #howto use #Zoho projects in #MicrosoftTeams https://t.co/ChwnBHqzyM #Microsoft #Microsoft365 #MSFT #Microsofttraining #Projectmanagement #MicrosoftEDU
2021-09-01 15:02:00+00:00,Got #SharePoint skills? Are you an ambitious #MSFT  Business Applications Expert? Snohomish County IT is hiring a SharePoint/BA #Developer 5 with the skill to leverage #SharePoint &amp; #Cloud technology solutions. www. #governmentjobs .com/careers/snohomish
2021-09-01 14:38:05+00:00,Windows 11: Microsoft marches toward open platforms https://t.co/8QlNCVYBd9 #MSFT #Microsoft #Windows11 #Platforms
2021-09-01 14:16:01+00:00,"Windows 11 launches October 5th, but will you upgrade? https://t.co/y9cM1rax3k via @RockPaperShot #msft #ITpro #Windows11 #sysadmin"
2021-09-01 11:45:00+00:00,#Windows11 will roll out from October 5 as @Microsoft hypes new hardware https://t.co/9K28YgkpQ8 VIA @TheRegister #msft #ITpro #sysadmin
2021-09-01 09:05:27+00:00,$msft ready for new ATH my pt is  $320 #microsoft  - #MSFT chart https://t.co/pBDGR6m0tA
2021-09-01 08:38:41+00:00,"Ever wonderedü§î how to process Azure IoT with Azure ML?

Catch us live on Sept 11 from 10:30 AM onwards as Saravanan will be speaking on ‚ÄúEnd to End Predictive Maintenance Use Case with Azure ML &amp; Azure IoT Edge‚Äù 
 
Register: https://t.co/lAwE1Eng7d
 
#AzureDevIndia #MSFT #Azure https://t.co/37KNuMMwVJ"
2021-09-01 08:36:57+00:00,"1st day in the office in 18 months. The newly renovated office facilities are sublime. #workplacesafety is 1st class. Well done #msft UK facilities team.

PS: I liked the new meeting pods.

Join us here: https://t.co/a9VzNMGVp0

#microsoftlife https://t.co/ismq9VmskM"
2021-09-01 07:57:31+00:00,"Ever wondered ü§î how to process Azure IoT with Azure ML?

Catch us live on Sept 11 from 10:30 AM onwards as Saravanan will be speaking on ‚ÄúEnd to End Predictive Maintenance Use Case with Azure ML &amp; Azure IoT Edge‚Äù 
 
Register: https://t.co/KwRywktO7R
 
#AzureDevIndia #MSFT #Azure https://t.co/486GWyfZ5H"
2021-09-01 06:38:50+00:00,Very valuable chart. Even the giants can implode. Shout out to Microsoft though. #MSFT https://t.co/zkCp2h8DUG
2021-09-01 03:53:34+00:00,"""We anticipate that the recently announced Windows 365 will further accelerate this growth, with our UEM solution essential to implementing an end-to-end process for deploying, configuring, and scaling the new Windows 365 experience"" #MSFT
https://t.co/32xNtZwwy7"
2021-09-01 03:53:11+00:00,@Trendspider_J #msft #amzn #tsla all had some sexy monthly candles. Seasonality stats aren‚Äôt the same with new market - anyone w $7 dollars and internet can enter the market. Barrier of entry is low / none existent. It‚Äôs all about vitality and funneled traffic @ this point. Imo.
